﻿<?xml version="1.0" encoding="utf-8"?>
<Options xmlns:xsd="http://www.w3.org/2001/XMLSchema" xmlns:xsi="http://www.w3.org/2001/XMLSchema-instance">
  <DisableLog2Form>false</DisableLog2Form>
  <HttpsSsl3>false</HttpsSsl3>
  <IsAutoShutdown>false</IsAutoShutdown>
  <IsWriteLog2File>true</IsWriteLog2File>
  <RunningLogFileMax>2</RunningLogFileMax>
  <RunningLogRowNum>1000</RunningLogRowNum>
  <MaxJobNum>3</MaxJobNum>
  <IsDisposeJobGui>false</IsDisposeJobGui>
  <IsPlayCompleteSound>false</IsPlayCompleteSound>
  <HotKey>5505026</HotKey>
  <DefaultMaxPageNum>10</DefaultMaxPageNum>
  <TimeOut>20</TimeOut>
  <IsIgnoreCase>true</IsIgnoreCase>
  <DealLabelNotNull>false</DealLabelNotNull>
  <Separete>###</Separete>
  <UserAgent>Mozilla/4.0 (compatible; MSIE 7.0; Windows NT 6.1; WOW64; Trident/7.0; SLCC2; .NET CLR 2.0.50727; .NET CLR 3.5.30729; .NET CLR 3.0.30729; Media Center PC 6.0; .NET4.0C; .NET4.0E)</UserAgent>
  <IsAutoBackUp>false</IsAutoBackUp>
  <BackUpDir>C:\ProgramData\SpiderBackUp\</BackUpDir>
  <BackUpFrequency>1</BackUpFrequency>
  <LastBackTime>0001-01-01T00:00:00</LastBackTime>
  <IsAutoStart>false</IsAutoStart>
  <IsAutoLogin>false</IsAutoLogin>
  <IsMinsizeByClose>false</IsMinsizeByClose>
  <IsInNotifyByMin>false</IsInNotifyByMin>
  <IsAutoBugReport>false</IsAutoBugReport>
  <IsPopUpdateMsg>false</IsPopUpdateMsg>
  <IsRecievLeWellMsg>false</IsRecievLeWellMsg>
  <SkipWhenCronBlock>true</SkipWhenCronBlock>
  <ShowJobQueue>false</ShowJobQueue>
  <ShowRecycleJob>true</ShowRecycleJob>
  <AutoUpdatePlateformSoftList>false</AutoUpdatePlateformSoftList>
  <AllJobInOne>false</AllJobInOne>
  <Language>zh-CN</Language>
  <OpenRunLog>false</OpenRunLog>
  <IsShowSelectJob>false</IsShowSelectJob>
  <ManagerStyle>Office2010Blue</ManagerStyle>
  <JobEditorWidth>932</JobEditorWidth>
  <JobEditorHeight>721</JobEditorHeight>
  <SameNameCover>false</SameNameCover>
  <SameIDCover>false</SameIDCover>
</Options>