<?xml version="1.0"?>
<doc>
    <assembly>
        <name>SpiderInterface</name>
    </assembly>
    <members>
        <member name="T:SpiderInterface.DownloadFile">
            <summary>
            文件下载类
            </summary>
        </member>
        <member name="P:SpiderInterface.DownloadFile.ContentId">
            <summary>
            所属的记录ID
            </summary>
        </member>
        <member name="P:SpiderInterface.DownloadFile.DownlaodUrl">
            <summary>
            原始下载地址
            </summary>
        </member>
        <member name="P:SpiderInterface.DownloadFile.FinalDownloadUrl">
            <summary>
            最终下载地址
            </summary>
        </member>
        <member name="P:SpiderInterface.DownloadFile.FileName">
            <summary>
            文件保存路径
            </summary>
        </member>
        <member name="P:SpiderInterface.DownloadFile.ReplaceUrl">
            <summary>
            html中的替换路径
            </summary>
        </member>
        <member name="P:SpiderInterface.DownloadFile.LabelName">
            <summary>
            标签名称
            </summary>
        </member>
        <member name="P:SpiderInterface.DownloadFile.PageUrl">
            <summary>
            所属的页面地址
            </summary>
        </member>
        <member name="F:SpiderInterface.DownloadFile.Cancel">
            <summary>
            是否取消下载
            </summary>
        </member>
        <member name="T:SpiderInterface.IHTTPTamper">
            <summary>
            http请求接口
            </summary>
        </member>
        <member name="M:SpiderInterface.IHTTPTamper.BeforeRequest(SpiderInterface.RequestEntry)">
            <summary>
            处理下载前的request
            </summary>
            <param name="response"></param>
        </member>
        <member name="M:SpiderInterface.IHTTPTamper.AfterResponse(SpiderInterface.ResponseEntry)">
            <summary>
            处理下载完成后的http响应,网址、默认页、多页、内容分页
            </summary>
            <param name="response"></param>
        </member>
        <member name="T:SpiderInterface.IFileDownloader">
            <summary>
            文件下载接口
            </summary>
        </member>
        <member name="M:SpiderInterface.IFileDownloader.ModifyDownloadFile(SpiderInterface.DownloadFile)">
            <summary>
            修改下载文件相关属性，可以通过DownloadFile.Cancel属性取消下载
            </summary>
            <param name="downloadFile">下载文件</param>
        </member>
        <member name="M:SpiderInterface.IFileDownloader.BeforeDownload(SpiderInterface.RequestEntry)">
            <summary>
            下载文件前的处理方法。
            </summary>
            <param name="request">下载文件的请求</param>
        </member>
        <member name="T:SpiderInterface.IResultProcesser">
            <summary>
            内容处理接口
            </summary>
        </member>
        <!-- Badly formed XML comment ignored for member "M:SpiderInterface.IResultProcesser.Process(SpiderInterface.ResponseEntry,System.Collections.Generic.Dictionary{System.String,System.String})" -->
        <member name="T:SpiderInterface.RequestEntry">
            <summary>
            http请求配置
            </summary>
        </member>
        <member name="P:SpiderInterface.RequestEntry.Properties">
            <summary>
            包含一下信息
            任务ID:JobID, 值:1,2,3
            任务名称：JobName，值:XX新闻
            页面类型：PageType
                    值 
                    0:起始地址
                    1:列表页面
                    2:列表页分页
                    3:内容页面
                    4:多页
                    5:内容页分页
            </summary>
        </member>
        <member name="P:SpiderInterface.RequestEntry.Headers">
            <summary>
            请求的头信息
            </summary>
        </member>
        <member name="P:SpiderInterface.RequestEntry.Method">
            <summary>
            HTTP请求的方式，GET或者POST
            </summary>
        </member>
        <member name="P:SpiderInterface.RequestEntry.Url">
            <summary>
            请求的地址
            </summary>
        </member>
        <member name="P:SpiderInterface.RequestEntry.Referer">
            <summary>
            来源地址
            </summary>
        </member>
        <member name="P:SpiderInterface.RequestEntry.PostData">
            <summary>
            POST数据，当Method为POST时生效
            </summary>
        </member>
        <member name="P:SpiderInterface.RequestEntry.Encoding">
            <summary>
            请求编码
            </summary>
        </member>
        <member name="P:SpiderInterface.RequestEntry.WebProxy">
            <summary>
            Http代理
            </summary>
        </member>
        <member name="P:SpiderInterface.RequestEntry.NetworkCredential">
            <summary>
            身份验证
            </summary>
        </member>
        <member name="P:SpiderInterface.RequestEntry.Parser">
            <summary>
            程序内部使用，插件不能修改
            </summary>
        </member>
        <member name="T:SpiderInterface.ResponseEntry">
            <summary>
            http返回信息
            </summary>
        </member>
        <member name="P:SpiderInterface.ResponseEntry.Properties">
            <summary>
            包含一下信息
            任务ID:JobID, 值:1,2,3
            任务名称：JobName，值:XX新闻
            页面类型：PageType
                    值 
                    0:起始地址
                    1:列表页面
                    2:列表页分页
                    3:内容页面
                    4:多页
                    5:内容页分页
            </summary>
        </member>
        <member name="P:SpiderInterface.ResponseEntry.CharacterSet">
            <summary>
            网页内容编码
            </summary>
        </member>
        <member name="P:SpiderInterface.ResponseEntry.ContentEncoding">
            <summary>
            页面编码,比如UTF-8,GB2312
            </summary>
        </member>
        <member name="P:SpiderInterface.ResponseEntry.ContentType">
            <summary>
            页面类型,比如text/plain,text/html,application/xml
            </summary>
        </member>
        <member name="P:SpiderInterface.ResponseEntry.Headers">
            <summary>
            响应的HTTP头信息
            </summary>
        </member>
        <member name="P:SpiderInterface.ResponseEntry.Method">
            <summary>
            HTTP方法 GET或者POST
            </summary>
        </member>
        <member name="P:SpiderInterface.ResponseEntry.Referer">
            <summary>
            来源页地址
            </summary>
        </member>
        <member name="P:SpiderInterface.ResponseEntry.ResponseUri">
            <summary>
            响应地址
            </summary>
        </member>
        <member name="P:SpiderInterface.ResponseEntry.StatusCode">
            <summary>
            HTTP状态代码
            </summary>
        </member>
        <member name="P:SpiderInterface.ResponseEntry.Url">
            <summary>
            请求地址
            </summary>
        </member>
        <member name="P:SpiderInterface.ResponseEntry.RawText">
            <summary>
            HTTP响应中的原始文本
            </summary>
        </member>
        <member name="P:SpiderInterface.ResponseEntry.RequestInfo">
            <summary>
            对应的请求的详细信息
            </summary>
        </member>
    </members>
</doc>
