<?xml version="1.0" encoding="utf-8"?>
<LexScheme xmlns:xsi="http://www.w3.org/2001/XMLSchema-instance" xmlns:xsd="http://www.w3.org/2001/XMLSchema">
  <Author>Quantum	Whale</Author>
  <Name>PHP</Name>
  <Desc>Syntax Scheme for PHP Language</Desc>
  <Copyright>Copyright Quantum Whale, 2009</Copyright>
  <FileExtension />
  <FileType />
  <Version>1.5</Version>
  <Styles>
    <Style>
      <Name>idents</Name>
      <ForeColor>Blue</ForeColor>
      <ForeColorEnabled>true</ForeColorEnabled>
      <BackColorEnabled>true</BackColorEnabled>
      <BoldEnabled>true</BoldEnabled>
      <ItalicEnabled>true</ItalicEnabled>
      <UnderlineEnabled>true</UnderlineEnabled>
    </Style>
    <Style>
      <Name>numbers</Name>
      <ForeColor>Blue</ForeColor>
      <ForeColorEnabled>true</ForeColorEnabled>
      <BackColorEnabled>true</BackColorEnabled>
      <BoldEnabled>true</BoldEnabled>
      <ItalicEnabled>true</ItalicEnabled>
      <UnderlineEnabled>true</UnderlineEnabled>
    </Style>
    <Style>
      <Name>reswords</Name>
      <ForeColor>DarkGreen</ForeColor>
      <ForeColorEnabled>true</ForeColorEnabled>
      <BackColorEnabled>true</BackColorEnabled>
      <BoldEnabled>true</BoldEnabled>
      <ItalicEnabled>true</ItalicEnabled>
      <UnderlineEnabled>true</UnderlineEnabled>
    </Style>
    <Style>
      <Name>comments</Name>
      <ForeColor>Orange</ForeColor>
      <PlainText>true</PlainText>
      <ForeColorEnabled>true</ForeColorEnabled>
      <BackColorEnabled>true</BackColorEnabled>
      <BoldEnabled>true</BoldEnabled>
      <ItalicEnabled>true</ItalicEnabled>
      <UnderlineEnabled>true</UnderlineEnabled>
    </Style>
    <Style>
      <Name>symbol</Name>
      <ForeColor>Blue</ForeColor>
      <ForeColorEnabled>true</ForeColorEnabled>
      <BackColorEnabled>true</BackColorEnabled>
      <BoldEnabled>true</BoldEnabled>
      <ItalicEnabled>true</ItalicEnabled>
      <UnderlineEnabled>true</UnderlineEnabled>
    </Style>
    <Style>
      <Name>whitespace</Name>
      <ForeColor>WindowText</ForeColor>
      <ForeColorEnabled>true</ForeColorEnabled>
      <BackColorEnabled>true</BackColorEnabled>
      <BoldEnabled>true</BoldEnabled>
      <ItalicEnabled>true</ItalicEnabled>
      <UnderlineEnabled>true</UnderlineEnabled>
    </Style>
    <Style>
      <Name>strings</Name>
      <ForeColor>Red</ForeColor>
      <ForeColorEnabled>true</ForeColorEnabled>
      <BackColorEnabled>true</BackColorEnabled>
      <BoldEnabled>true</BoldEnabled>
      <ItalicEnabled>true</ItalicEnabled>
      <UnderlineEnabled>true</UnderlineEnabled>
    </Style>
  </Styles>
  <States>
    <State>
      <Name>normal</Name>
      <CaseSensitive>true</CaseSensitive>
      <SyntaxBlocks>
        <SyntaxBlock>
          <Name>idents</Name>
          <LexStyle>0</LexStyle>
          <LeaveState>0</LeaveState>
          <ResWordSets>
            <ResWordSet>
              <Name />
              <ResWordStyle>2</ResWordStyle>
              <ResWords>
                <word>and</word>
                <word>or</word>
                <word>xor</word>
                <word>__FILE__</word>
                <word>exception</word>
                <word>__LINE__</word>
                <word>array</word>
                <word>as</word>
                <word>break</word>
                <word>case</word>
                <word>class</word>
                <word>const</word>
                <word>continue</word>
                <word>declare</word>
                <word>default</word>
                <word>die</word>
                <word>do</word>
                <word>echo</word>
                <word>else</word>
                <word>elseif</word>
                <word>empty</word>
                <word>enddeclare</word>
                <word>endfor</word>
                <word>endforeach</word>
                <word>endif</word>
                <word>endswitch</word>
                <word>endwhile</word>
                <word>eval</word>
                <word>exit</word>
                <word>extends</word>
                <word>for</word>
                <word>foreach</word>
                <word>function</word>
                <word>global</word>
                <word>if</word>
                <word>include</word>
                <word>include_once</word>
                <word>isset</word>
                <word>list</word>
                <word>new</word>
                <word>print</word>
                <word>require</word>
                <word>require_once</word>
                <word>return</word>
                <word>static</word>
                <word>switch</word>
                <word>unset</word>
                <word>use</word>
                <word>var</word>
                <word>while</word>
                <word>__FUNCTION__</word>
                <word>__CLASS__</word>
                <word>__METHOD__</word>
                <word>final</word>
                <word>php_user_filter</word>
                <word>interface</word>
                <word>implements</word>
                <word>public</word>
                <word>private</word>
                <word>protected</word>
                <word>abstract</word>
                <word>clone</word>
                <word>try</word>
                <word>catch</word>
                <word>throw</word>
                <word>cfunction</word>
                <word>old_function</word>
                <word>this</word>
              </ResWords>
            </ResWordSet>
          </ResWordSets>
          <Expressions>
            <string>[a-zA-Z_][a-zA-Z0-9_]*</string>
            <string>[\$a-zA-Z_][a-zA-Z0-9_]*</string>
          </Expressions>
        </SyntaxBlock>
        <SyntaxBlock>
          <Name>comment1</Name>
          <LexStyle>3</LexStyle>
          <LeaveState>1</LeaveState>
          <Expressions>
            <string>/\*</string>
          </Expressions>
        </SyntaxBlock>
        <SyntaxBlock>
          <Name>comment2</Name>
          <LexStyle>3</LexStyle>
          <LeaveState>0</LeaveState>
          <Expressions>
            <string>//.*</string>
          </Expressions>
        </SyntaxBlock>
        <SyntaxBlock>
          <Name>comment3</Name>
          <LexStyle>3</LexStyle>
          <LeaveState>0</LeaveState>
          <Expressions>
            <string>\#.*</string>
          </Expressions>
        </SyntaxBlock>
        <SyntaxBlock>
          <Name>numbers</Name>
          <LexStyle>1</LexStyle>
          <LeaveState>0</LeaveState>
          <Expressions>
            <string>([0-9]+\.[0-9]*(e|E)(\+|\-)?[0-9]+)|([0-9]+\.[0-9]*)|(0(x|X)[0-9a-fA-F]+)|([0-9]+)</string>
          </Expressions>
        </SyntaxBlock>
        <SyntaxBlock>
          <Name>strings</Name>
          <LexStyle>6</LexStyle>
          <LeaveState>0</LeaveState>
          <Expressions>
            <string>("")|"((((\\")|("")|[^"])*")|(((\\")|("")|[^"])*))</string>
            <string>('')|'((((\\')|('')|[^'])*')|(((\\')|('')|[^'])*))</string>
          </Expressions>
        </SyntaxBlock>
        <SyntaxBlock>
          <Name>whitespace</Name>
          <LexStyle>5</LexStyle>
          <LeaveState>0</LeaveState>
          <Expressions>
            <string>(\s)+</string>
          </Expressions>
        </SyntaxBlock>
        <SyntaxBlock>
          <Name>symbol</Name>
          <LexStyle>4</LexStyle>
          <LeaveState>0</LeaveState>
          <Expressions>
            <string>\W</string>
          </Expressions>
        </SyntaxBlock>
      </SyntaxBlocks>
    </State>
    <State>
      <Name>comment</Name>
      <CaseSensitive>true</CaseSensitive>
      <SyntaxBlocks>
        <SyntaxBlock>
          <Name>comment21</Name>
          <LexStyle>3</LexStyle>
          <LeaveState>0</LeaveState>
          <Expressions>
            <string>\*/</string>
          </Expressions>
        </SyntaxBlock>
        <SyntaxBlock>
          <Name>comment22</Name>
          <LexStyle>3</LexStyle>
          <LeaveState>1</LeaveState>
          <Expressions>
            <string>((?!\*/).)+</string>
          </Expressions>
        </SyntaxBlock>
      </SyntaxBlocks>
    </State>
  </States>
</LexScheme>